ID,Text Sample,Contains Racial Undertone,Bias Type,Classification Type,Source
342,stfu nobody asked for your opinion #4180,Yes,Offensive Language,Offensive Language,Social Media
565,This discussion is quite interesting #5754,No,None,None,Social Media
589,I agree with your analysis #3207,No,None,None,Social Media
946,I appreciate your perspective on this topic #8529,No,None,None,Social Media
137,That's some bull$hit right there #982,Yes,Offensive Language,Offensive Language,Social Media
925,Let's keep the conversation respectful #9300,No,None,None,Social Media
404,lmao what kind of sh!tty take is that #8547,Yes,Offensive Language,Offensive Language,Social Media
833,Let's keep the conversation respectful #9510,No,None,None,Social Media
290,Stop being such a d*ck about it #1165,Yes,Offensive Language,Offensive Language,Social Media
145,He's being a total a**hole rn #8200,Yes,Offensive Language,Offensive Language,Social Media
660,I agree with your analysis #7243,No,None,None,Social Media
841,Let's keep the conversation respectful #4282,No,None,None,Social Media
551,This is a well written comment #5305,No,None,None,Social Media
139,fvck th4t n0ise #2977,Yes,Offensive Language,Offensive Language,Social Media
58,Th!s is $o st*pid omg #2174,Yes,Offensive Language,Offensive Language,Social Media
161,Th!s is $o st*pid omg #522,Yes,Offensive Language,Offensive Language,Social Media
678,I agree with your analysis #7056,No,None,None,Social Media
793,I think this makes sense #3499,No,None,None,Social Media
224,What the h3ll is going on here?? #1166,Yes,Offensive Language,Offensive Language,Social Media
175,Get the f*** out of here with that nonsense #5148,Yes,Offensive Language,Offensive Language,Social Media
314,This is f*cking ridiculous tbh #5194,Yes,Offensive Language,Offensive Language,Social Media
526,I agree with your analysis #2843,No,None,None,Social Media
282,idc what anyone says this is bs #12,Yes,Offensive Language,Offensive Language,Social Media
338,This is f*cking ridiculous tbh #2241,Yes,Offensive Language,Offensive Language,Social Media
501,This is helpful information #2541,No,None,None,Social Media
121,Get the f*** out of here with that nonsense #7777,Yes,Offensive Language,Offensive Language,Social Media
225,This sh!t is crazy af #2087,Yes,Offensive Language,Offensive Language,Social Media
760,This is helpful information #9458,No,None,None,Social Media
716,This is a thoughtful point #9740,No,None,None,Social Media
884,Let's keep the conversation respectful #4306,No,None,None,Social Media
350,th1s 1s s0 dum8 #3930,Yes,Offensive Language,Offensive Language,Social Media
374,This sh!t is crazy af #8324,Yes,Offensive Language,Offensive Language,Social Media
673,This is helpful information #4821,No,None,None,Social Media
279,r u f***ing kidding me rn??? #7805,Yes,Offensive Language,Offensive Language,Social Media
490,Get the f*** out of here with that nonsense #4325,Yes,Offensive Language,Offensive Language,Social Media
444,What a b*tch move honestly #1956,Yes,Offensive Language,Offensive Language,Social Media
67,smh people are so fn stupid these days #8606,Yes,Offensive Language,Offensive Language,Social Media
850,This discussion is quite interesting #8074,No,None,None,Social Media
834,I think this makes sense #3958,No,None,None,Social Media
352,What the hell were they thinking??? #1953,Yes,Offensive Language,Offensive Language,Social Media
731,We should consider multiple viewpoints #5795,No,None,None,Social Media
146,ngl this is pretty damn stupid imo #392,Yes,Offensive Language,Offensive Language,Social Media
429,stfu nobody asked for your opinion #3812,Yes,Offensive Language,Offensive Language,Social Media
532,Thanks for sharing your thoughts #9723,No,None,None,Social Media
854,Thanks for sharing your thoughts #2117,No,None,None,Social Media
734,Thanks for sharing your thoughts #7213,No,None,None,Social Media
496,That's some bull$hit right there #6076,Yes,Offensive Language,Offensive Language,Social Media
409,Get the f*** out of here with that nonsense #5802,Yes,Offensive Language,Offensive Language,Social Media
307,wtf is wrong with you lmao #8138,Yes,Offensive Language,Offensive Language,Social Media
265,r u f***ing kidding me rn??? #101,Yes,Offensive Language,Offensive Language,Social Media
3,wtf is wrong with you lmao #4422,Yes,Offensive Language,Offensive Language,Social Media
514,I appreciate your perspective on this topic #7562,No,None,None,Social Media
676,We should consider multiple viewpoints #2975,No,None,None,Social Media
972,This discussion is quite interesting #8125,No,None,None,Social Media
779,This is helpful information #3267,No,None,None,Social Media
232,What the h3ll is going on here?? #812,Yes,Offensive Language,Offensive Language,Social Media
134,He's being a total a**hole rn #9858,Yes,Offensive Language,Offensive Language,Social Media
351,omg this is such bullsh*t wtf 😡 #6640,Yes,Offensive Language,Offensive Language,Social Media
902,I appreciate your perspective on this topic #4750,No,None,None,Social Media
417,What the hell were they thinking??? #4956,Yes,Offensive Language,Offensive Language,Social Media
636,This is a thoughtful point #2927,No,None,None,Social Media
273,What a b*tch move honestly #73,Yes,Offensive Language,Offensive Language,Social Media
671,This is helpful information #4633,No,None,None,Social Media
62,fvck th4t n0ise #9102,Yes,Offensive Language,Offensive Language,Social Media
513,This is a well written comment #1229,No,None,None,Social Media
766,I agree with your analysis #9089,No,None,None,Social Media
372,smh people are so fn stupid these days #8241,Yes,Offensive Language,Offensive Language,Social Media
445,smh people are so fn stupid these days #9578,Yes,Offensive Language,Offensive Language,Social Media
646,Thanks for sharing your thoughts #9405,No,None,None,Social Media
345,What the h3ll is going on here?? #3942,Yes,Offensive Language,Offensive Language,Social Media
530,This is helpful information #7737,No,None,None,Social Media
822,I appreciate your perspective on this topic #2009,No,None,None,Social Media
190,d4mn son thats cr4zy #6391,Yes,Offensive Language,Offensive Language,Social Media
942,This discussion is quite interesting #2295,No,None,None,Social Media
763,This is a thoughtful point #1370,No,None,None,Social Media
785,This discussion is quite interesting #6675,No,None,None,Social Media
699,I appreciate your perspective on this topic #8102,No,None,None,Social Media
558,Thanks for sharing your thoughts #417,No,None,None,Social Media
378,This is f*cking ridiculous tbh #1148,Yes,Offensive Language,Offensive Language,Social Media
979,I appreciate your perspective on this topic #3537,No,None,None,Social Media
805,This is a well written comment #7435,No,None,None,Social Media
463,r u f***ing kidding me rn??? #3405,Yes,Offensive Language,Offensive Language,Social Media
903,We should consider multiple viewpoints #3109,No,None,None,Social Media
54,lmao what kind of sh!tty take is that #2100,Yes,Offensive Language,Offensive Language,Social Media
883,This discussion is quite interesting #2732,No,None,None,Social Media
418,smh people are so fn stupid these days #2730,Yes,Offensive Language,Offensive Language,Social Media
477,fvck th4t n0ise #8971,Yes,Offensive Language,Offensive Language,Social Media
807,I think this makes sense #6562,No,None,None,Social Media
302,You're full of sh*t dude #2676,Yes,Offensive Language,Offensive Language,Social Media
339,smh people are so fn stupid these days #9234,Yes,Offensive Language,Offensive Language,Social Media
518,This is a well written comment #7952,No,None,None,Social Media
765,I think this makes sense #5632,No,None,None,Social Media
116,Get the f*** out of here with that nonsense #1024,Yes,Offensive Language,Offensive Language,Social Media
912,This is a well written comment #5925,No,None,None,Social Media
498,B!tch please... not happening #5036,Yes,Offensive Language,Offensive Language,Social Media
411,fvck th4t n0ise #4351,Yes,Offensive Language,Offensive Language,Social Media
813,Thanks for sharing your thoughts #3737,No,None,None,Social Media
60,smh people are so fn stupid these days #2869,Yes,Offensive Language,Offensive Language,Social Media
89,r u f***ing kidding me rn??? #9957,Yes,Offensive Language,Offensive Language,Social Media
428,th1s 1s s0 dum8 #6623,Yes,Offensive Language,Offensive Language,Social Media
6,bruh wtf... this is some a$$ content #5403,Yes,Offensive Language,Offensive Language,Social Media
926,We should consider multiple viewpoints #7318,No,None,None,Social Media
931,This is a thoughtful point #4053,No,None,None,Social Media
1,gtfo with that weak argument lol #6350,Yes,Offensive Language,Offensive Language,Social Media
944,This is helpful information #515,No,None,None,Social Media
685,This discussion is quite interesting #2358,No,None,None,Social Media
471,This is complete bs and everyone knows it #6268,Yes,Offensive Language,Offensive Language,Social Media
829,Thanks for sharing your thoughts #5773,No,None,None,Social Media
47,ngl this is pretty damn stupid imo #2840,Yes,Offensive Language,Offensive Language,Social Media
797,I appreciate your perspective on this topic #8071,No,None,None,Social Media
983,We should consider multiple viewpoints #2895,No,None,None,Social Media
937,This is a well written comment #3838,No,None,None,Social Media
911,Thanks for sharing your thoughts #3052,No,None,None,Social Media
437,F@ck this I'm done #616,Yes,Offensive Language,Offensive Language,Social Media
772,This is helpful information #3842,No,None,None,Social Media
226,Th!s is $o st*pid omg #8164,Yes,Offensive Language,Offensive Language,Social Media
218,B!tch please... not happening #7213,Yes,Offensive Language,Offensive Language,Social Media
586,Let's keep the conversation respectful #524,No,None,None,Social Media
846,I think this makes sense #6624,No,None,None,Social Media
536,This is a well written comment #6800,No,None,None,Social Media
967,I think this makes sense #6826,No,None,None,Social Media
194,d4mn son thats cr4zy #7207,Yes,Offensive Language,Offensive Language,Social Media
365,This is f*cking ridiculous tbh #8429,Yes,Offensive Language,Offensive Language,Social Media
924,I think this makes sense #4543,No,None,None,Social Media
757,Let's keep the conversation respectful #3112,No,None,None,Social Media
422,lmao what kind of sh!tty take is that #2308,Yes,Offensive Language,Offensive Language,Social Media
452,He's being a total a**hole rn #3441,Yes,Offensive Language,Offensive Language,Social Media
817,I think this makes sense #123,No,None,None,Social Media
34,r u f***ing kidding me rn??? #2779,Yes,Offensive Language,Offensive Language,Social Media
147,That's some bull$hit right there #3219,Yes,Offensive Language,Offensive Language,Social Media
173,ngl this is pretty damn stupid imo #427,Yes,Offensive Language,Offensive Language,Social Media
286,th1s 1s s0 dum8 #6109,Yes,Offensive Language,Offensive Language,Social Media
499,Get the f*** out of here with that nonsense #839,Yes,Offensive Language,Offensive Language,Social Media
138,b1tch pls ur wr0ng #9197,Yes,Offensive Language,Offensive Language,Social Media
33,lmao what kind of sh!tty take is that #1259,Yes,Offensive Language,Offensive Language,Social Media
56,gtfo with that weak argument lol #5065,Yes,Offensive Language,Offensive Language,Social Media
443,Stop being such a d*ck about it #7722,Yes,Offensive Language,Offensive Language,Social Media
297,Get the f*** out of here with that nonsense #6167,Yes,Offensive Language,Offensive Language,Social Media
867,This is helpful information #6892,No,None,None,Social Media
480,smh people are so fn stupid these days #6653,Yes,Offensive Language,Offensive Language,Social Media
776,Let's keep the conversation respectful #8001,No,None,None,Social Media
848,This discussion is quite interesting #1590,No,None,None,Social Media
723,I think this makes sense #6742,No,None,None,Social Media
693,I think this makes sense #5920,No,None,None,Social Media
186,d4mn son thats cr4zy #1114,Yes,Offensive Language,Offensive Language,Social Media
353,You're full of sh*t dude #830,Yes,Offensive Language,Offensive Language,Social Media
826,I think this makes sense #7334,No,None,None,Social Media
97,th1s 1s s0 dum8 #7642,Yes,Offensive Language,Offensive Language,Social Media
72,omg this is such bullsh*t wtf 😡 #6184,Yes,Offensive Language,Offensive Language,Social Media
831,I agree with your analysis #9937,No,None,None,Social Media
104,That's some bull$hit right there #2250,Yes,Offensive Language,Offensive Language,Social Media
464,stfu nobody asked for your opinion #8584,Yes,Offensive Language,Offensive Language,Social Media
239,th1s 1s s0 dum8 #6757,Yes,Offensive Language,Offensive Language,Social Media
546,Thanks for sharing your thoughts #1532,No,None,None,Social Media
554,This is a well written comment #8642,No,None,None,Social Media
278,What a b*tch move honestly #7855,Yes,Offensive Language,Offensive Language,Social Media
326,omg this is such bullsh*t wtf 😡 #4166,Yes,Offensive Language,Offensive Language,Social Media
837,We should consider multiple viewpoints #743,No,None,None,Social Media
919,This discussion is quite interesting #9643,No,None,None,Social Media
438,This is complete bs and everyone knows it #3943,Yes,Offensive Language,Offensive Language,Social Media
870,Let's keep the conversation respectful #8669,No,None,None,Social Media
366,B!tch please... not happening #7076,Yes,Offensive Language,Offensive Language,Social Media
612,We should consider multiple viewpoints #3482,No,None,None,Social Media
148,b1tch pls ur wr0ng #6199,Yes,Offensive Language,Offensive Language,Social Media
393,You're full of sh*t dude #6310,Yes,Offensive Language,Offensive Language,Social Media
260,d4mn son thats cr4zy #4733,Yes,Offensive Language,Offensive Language,Social Media
573,This is helpful information #237,No,None,None,Social Media
375,F@ck this I'm done #5655,Yes,Offensive Language,Offensive Language,Social Media
747,I agree with your analysis #9217,No,None,None,Social Media
948,This is a thoughtful point #3549,No,None,None,Social Media
157,What a b*tch move honestly #4327,Yes,Offensive Language,Offensive Language,Social Media
572,I appreciate your perspective on this topic #9238,No,None,None,Social Media
497,This sh!t is crazy af #6443,Yes,Offensive Language,Offensive Language,Social Media
18,Th!s is $o st*pid omg #9401,Yes,Offensive Language,Offensive Language,Social Media
168,You're full of sh*t dude #8354,Yes,Offensive Language,Offensive Language,Social Media
928,I think this makes sense #1275,No,None,None,Social Media
863,I appreciate your perspective on this topic #1267,No,None,None,Social Media
250,You're full of sh*t dude #696,Yes,Offensive Language,Offensive Language,Social Media
682,I appreciate your perspective on this topic #1383,No,None,None,Social Media
207,You're full of sh*t dude #4564,Yes,Offensive Language,Offensive Language,Social Media
567,This discussion is quite interesting #7879,No,None,None,Social Media
852,We should consider multiple viewpoints #9030,No,None,None,Social Media
936,This is a thoughtful point #3655,No,None,None,Social Media
907,I think this makes sense #9266,No,None,None,Social Media
386,Th!s is $o st*pid omg #2247,Yes,Offensive Language,Offensive Language,Social Media
475,What a b*tch move honestly #3427,Yes,Offensive Language,Offensive Language,Social Media
516,Thanks for sharing your thoughts #5742,No,None,None,Social Media
305,d4mn son thats cr4zy #9822,Yes,Offensive Language,Offensive Language,Social Media
568,This is helpful information #4225,No,None,None,Social Media
845,This is a thoughtful point #519,No,None,None,Social Media
710,I appreciate your perspective on this topic #4402,No,None,None,Social Media
203,Get the f*** out of here with that nonsense #808,Yes,Offensive Language,Offensive Language,Social Media
181,This is complete bs and everyone knows it #5562,Yes,Offensive Language,Offensive Language,Social Media
520,We should consider multiple viewpoints #9461,No,None,None,Social Media
182,This is f*cking ridiculous tbh #2294,Yes,Offensive Language,Offensive Language,Social Media
93,sh1t just got real tbh #6845,Yes,Offensive Language,Offensive Language,Social Media
193,Get the f*** out of here with that nonsense #1153,Yes,Offensive Language,Offensive Language,Social Media
610,Let's keep the conversation respectful #2456,No,None,None,Social Media
713,This is helpful information #4107,No,None,None,Social Media
430,This is such a damn mess smh #7875,Yes,Offensive Language,Offensive Language,Social Media
721,I agree with your analysis #8598,No,None,None,Social Media
719,Thanks for sharing your thoughts #9591,No,None,None,Social Media
36,What the hell were they thinking??? #2254,Yes,Offensive Language,Offensive Language,Social Media
855,I agree with your analysis #2214,No,None,None,Social Media
560,This is a thoughtful point #2377,No,None,None,Social Media
319,th1s 1s s0 dum8 #8890,Yes,Offensive Language,Offensive Language,Social Media
658,This is helpful information #9343,No,None,None,Social Media
449,This sh!t is crazy af #7271,Yes,Offensive Language,Offensive Language,Social Media
740,This is a well written comment #5709,No,None,None,Social Media
323,smh people are so fn stupid these days #399,Yes,Offensive Language,Offensive Language,Social Media
166,bruh wtf... this is some a$$ content #7814,Yes,Offensive Language,Offensive Language,Social Media
849,I appreciate your perspective on this topic #7216,No,None,None,Social Media
973,This is helpful information #3243,No,None,None,Social Media
152,This sh!t is crazy af #7951,Yes,Offensive Language,Offensive Language,Social Media
541,Let's keep the conversation respectful #6261,No,None,None,Social Media
469,omg this is such bullsh*t wtf 😡 #1648,Yes,Offensive Language,Offensive Language,Social Media
570,Let's keep the conversation respectful #4212,No,None,None,Social Media
696,We should consider multiple viewpoints #6135,No,None,None,Social Media
953,This is a thoughtful point #7342,No,None,None,Social Media
726,I appreciate your perspective on this topic #9299,No,None,None,Social Media
321,b1tch pls ur wr0ng #9847,Yes,Offensive Language,Offensive Language,Social Media
988,I appreciate your perspective on this topic #415,No,None,None,Social Media
284,This is such a damn mess smh #6047,Yes,Offensive Language,Offensive Language,Social Media
614,Thanks for sharing your thoughts #1728,No,None,None,Social Media
8,bruh wtf... this is some a$$ content #3411,Yes,Offensive Language,Offensive Language,Social Media
434,He's being a total a**hole rn #9462,Yes,Offensive Language,Offensive Language,Social Media
994,This is a well written comment #481,No,None,None,Social Media
283,This is complete bs and everyone knows it #4308,Yes,Offensive Language,Offensive Language,Social Media
783,Let's keep the conversation respectful #4541,No,None,None,Social Media
355,bruh wtf... this is some a$$ content #6144,Yes,Offensive Language,Offensive Language,Social Media
897,Thanks for sharing your thoughts #1342,No,None,None,Social Media
724,I appreciate your perspective on this topic #6312,No,None,None,Social Media
799,I appreciate your perspective on this topic #8587,No,None,None,Social Media
904,This is helpful information #3344,No,None,None,Social Media
773,This is a thoughtful point #9572,No,None,None,Social Media
387,wtf is wrong with you lmao #8147,Yes,Offensive Language,Offensive Language,Social Media
523,I think this makes sense #2634,No,None,None,Social Media
637,This is helpful information #6483,No,None,None,Social Media
363,This sh!t is crazy af #1267,Yes,Offensive Language,Offensive Language,Social Media
322,ngl this is pretty damn stupid imo #2036,Yes,Offensive Language,Offensive Language,Social Media
697,This is a well written comment #9077,No,None,None,Social Media
669,This discussion is quite interesting #7615,No,None,None,Social Media
103,You're full of sh*t dude #3879,Yes,Offensive Language,Offensive Language,Social Media
460,That's some bull$hit right there #5522,Yes,Offensive Language,Offensive Language,Social Media
299,idc what anyone says this is bs #9765,Yes,Offensive Language,Offensive Language,Social Media
304,That's some bull$hit right there #2266,Yes,Offensive Language,Offensive Language,Social Media
467,b1tch pls ur wr0ng #9754,Yes,Offensive Language,Offensive Language,Social Media
974,I agree with your analysis #7357,No,None,None,Social Media
599,This is helpful information #8375,No,None,None,Social Media
708,Let's keep the conversation respectful #1827,No,None,None,Social Media
914,Thanks for sharing your thoughts #7158,No,None,None,Social Media
487,lmao what kind of sh!tty take is that #6781,Yes,Offensive Language,Offensive Language,Social Media
114,fvck th4t n0ise #5617,Yes,Offensive Language,Offensive Language,Social Media
528,This is helpful information #7197,No,None,None,Social Media
762,This is helpful information #882,No,None,None,Social Media
450,That's some bull$hit right there #5280,Yes,Offensive Language,Offensive Language,Social Media
945,I appreciate your perspective on this topic #5421,No,None,None,Social Media
810,This is a well written comment #7983,No,None,None,Social Media
234,What a b*tch move honestly #3651,Yes,Offensive Language,Offensive Language,Social Media
633,Let's keep the conversation respectful #4439,No,None,None,Social Media
22,lmao what kind of sh!tty take is that #5321,Yes,Offensive Language,Offensive Language,Social Media
759,This is a thoughtful point #4549,No,None,None,Social Media
970,We should consider multiple viewpoints #3408,No,None,None,Social Media
900,This is a well written comment #8085,No,None,None,Social Media
681,This is a well written comment #3874,No,None,None,Social Media
540,I agree with your analysis #4627,No,None,None,Social Media
880,This is a thoughtful point #922,No,None,None,Social Media
584,I appreciate your perspective on this topic #9667,No,None,None,Social Media
70,stfu nobody asked for your opinion #7800,Yes,Offensive Language,Offensive Language,Social Media
106,This sh!t is crazy af #5058,Yes,Offensive Language,Offensive Language,Social Media
929,I appreciate your perspective on this topic #8367,No,None,None,Social Media
649,This is a well written comment #1660,No,None,None,Social Media
482,This is such a damn mess smh #7375,Yes,Offensive Language,Offensive Language,Social Media
262,Stop being such a d*ck about it #3957,Yes,Offensive Language,Offensive Language,Social Media
680,Thanks for sharing your thoughts #9324,No,None,None,Social Media
308,gtfo with that weak argument lol #8898,Yes,Offensive Language,Offensive Language,Social Media
383,bruh wtf... this is some a$$ content #9082,Yes,Offensive Language,Offensive Language,Social Media
704,This is a thoughtful point #4831,No,None,None,Social Media
346,gtfo with that weak argument lol #5304,Yes,Offensive Language,Offensive Language,Social Media
736,This discussion is quite interesting #7498,No,None,None,Social Media
739,This is a thoughtful point #7722,No,None,None,Social Media
473,Th!s is $o st*pid omg #3581,Yes,Offensive Language,Offensive Language,Social Media
78,gtfo with that weak argument lol #8801,Yes,Offensive Language,Offensive Language,Social Media
816,This discussion is quite interesting #5434,No,None,None,Social Media
258,r u f***ing kidding me rn??? #1476,Yes,Offensive Language,Offensive Language,Social Media
364,F@ck this I'm done #4416,Yes,Offensive Language,Offensive Language,Social Media
634,I agree with your analysis #6069,No,None,None,Social Media
864,This is helpful information #7229,No,None,None,Social Media
952,I think this makes sense #121,No,None,None,Social Media
392,F@ck this I'm done #5392,Yes,Offensive Language,Offensive Language,Social Media
76,F@ck this I'm done #7768,Yes,Offensive Language,Offensive Language,Social Media
754,Let's keep the conversation respectful #343,No,None,None,Social Media
132,What the h3ll is going on here?? #5377,Yes,Offensive Language,Offensive Language,Social Media
171,omg this is such bullsh*t wtf 😡 #7165,Yes,Offensive Language,Offensive Language,Social Media
661,I agree with your analysis #1516,No,None,None,Social Media
735,This is a well written comment #1976,No,None,None,Social Media
108,th1s 1s s0 dum8 #5466,Yes,Offensive Language,Offensive Language,Social Media
241,bruh wtf... this is some a$$ content #4140,Yes,Offensive Language,Offensive Language,Social Media
871,I appreciate your perspective on this topic #164,No,None,None,Social Media
839,I appreciate your perspective on this topic #842,No,None,None,Social Media
385,That's some bull$hit right there #8703,Yes,Offensive Language,Offensive Language,Social Media
792,I appreciate your perspective on this topic #531,No,None,None,Social Media
868,We should consider multiple viewpoints #4493,No,None,None,Social Media
629,We should consider multiple viewpoints #4622,No,None,None,Social Media
172,sh1t just got real tbh #9944,Yes,Offensive Language,Offensive Language,Social Media
75,He's being a total a**hole rn #5,Yes,Offensive Language,Offensive Language,Social Media
390,Th!s is $o st*pid omg #5641,Yes,Offensive Language,Offensive Language,Social Media
823,I appreciate your perspective on this topic #898,No,None,None,Social Media
666,This discussion is quite interesting #7766,No,None,None,Social Media
474,wtf is wrong with you lmao #4960,Yes,Offensive Language,Offensive Language,Social Media
616,This is a well written comment #4057,No,None,None,Social Media
130,r u f***ing kidding me rn??? #9947,Yes,Offensive Language,Offensive Language,Social Media
910,We should consider multiple viewpoints #789,No,None,None,Social Media
63,This is complete bs and everyone knows it #8844,Yes,Offensive Language,Offensive Language,Social Media
61,bruh wtf... this is some a$$ content #4824,Yes,Offensive Language,Offensive Language,Social Media
51,What a b*tch move honestly #5388,Yes,Offensive Language,Offensive Language,Social Media
563,I appreciate your perspective on this topic #7563,No,None,None,Social Media
398,stfu nobody asked for your opinion #1040,Yes,Offensive Language,Offensive Language,Social Media
212,This is f*cking ridiculous tbh #8225,Yes,Offensive Language,Offensive Language,Social Media
750,I agree with your analysis #5209,No,None,None,Social Media
455,Get the f*** out of here with that nonsense #7390,Yes,Offensive Language,Offensive Language,Social Media
432,He's being a total a**hole rn #9189,Yes,Offensive Language,Offensive Language,Social Media
959,I appreciate your perspective on this topic #1659,No,None,None,Social Media
189,This is f*cking ridiculous tbh #8812,Yes,Offensive Language,Offensive Language,Social Media
752,Let's keep the conversation respectful #5891,No,None,None,Social Media
254,b1tch pls ur wr0ng #102,Yes,Offensive Language,Offensive Language,Social Media
982,Thanks for sharing your thoughts #4836,No,None,None,Social Media
538,Thanks for sharing your thoughts #4392,No,None,None,Social Media
433,stfu nobody asked for your opinion #2522,Yes,Offensive Language,Offensive Language,Social Media
838,This discussion is quite interesting #8711,No,None,None,Social Media
107,r u f***ing kidding me rn??? #6528,Yes,Offensive Language,Offensive Language,Social Media
727,I agree with your analysis #2315,No,None,None,Social Media
447,wtf is wrong with you lmao #3393,Yes,Offensive Language,Offensive Language,Social Media
722,I appreciate your perspective on this topic #6009,No,None,None,Social Media
26,That's some bull$hit right there #6298,Yes,Offensive Language,Offensive Language,Social Media
488,This is such a damn mess smh #6380,Yes,Offensive Language,Offensive Language,Social Media
151,Get the f*** out of here with that nonsense #9321,Yes,Offensive Language,Offensive Language,Social Media
643,This discussion is quite interesting #4615,No,None,None,Social Media
966,Let's keep the conversation respectful #4470,No,None,None,Social Media
204,Get the f*** out of here with that nonsense #4423,Yes,Offensive Language,Offensive Language,Social Media
94,Get the f*** out of here with that nonsense #2267,Yes,Offensive Language,Offensive Language,Social Media
836,This is helpful information #1178,No,None,None,Social Media
899,We should consider multiple viewpoints #97,No,None,None,Social Media
630,This is a thoughtful point #4281,No,None,None,Social Media
412,gtfo with that weak argument lol #5722,Yes,Offensive Language,Offensive Language,Social Media
87,lmao what kind of sh!tty take is that #1079,Yes,Offensive Language,Offensive Language,Social Media
335,ngl this is pretty damn stupid imo #5133,Yes,Offensive Language,Offensive Language,Social Media
340,That's some bull$hit right there #6246,Yes,Offensive Language,Offensive Language,Social Media
827,I appreciate your perspective on this topic #4904,No,None,None,Social Media
978,I appreciate your perspective on this topic #3841,No,None,None,Social Media
38,sh1t just got real tbh #1297,Yes,Offensive Language,Offensive Language,Social Media
79,What the h3ll is going on here?? #2817,Yes,Offensive Language,Offensive Language,Social Media
439,stfu nobody asked for your opinion #3506,Yes,Offensive Language,Offensive Language,Social Media
631,Thanks for sharing your thoughts #170,No,None,None,Social Media
415,gtfo with that weak argument lol #2257,Yes,Offensive Language,Offensive Language,Social Media
962,This discussion is quite interesting #9906,No,None,None,Social Media
144,bruh wtf... this is some a$$ content #5003,Yes,Offensive Language,Offensive Language,Social Media
192,th1s 1s s0 dum8 #4298,Yes,Offensive Language,Offensive Language,Social Media
949,Thanks for sharing your thoughts #7958,No,None,None,Social Media
591,This discussion is quite interesting #5104,No,None,None,Social Media
510,This is a well written comment #6391,No,None,None,Social Media
918,I appreciate your perspective on this topic #9089,No,None,None,Social Media
789,This is a thoughtful point #7017,No,None,None,Social Media
828,This is a well written comment #7858,No,None,None,Social Media
896,I appreciate your perspective on this topic #963,No,None,None,Social Media
770,I agree with your analysis #1194,No,None,None,Social Media
413,stfu nobody asked for your opinion #1949,Yes,Offensive Language,Offensive Language,Social Media
529,This discussion is quite interesting #333,No,None,None,Social Media
468,Get the f*** out of here with that nonsense #2342,Yes,Offensive Language,Offensive Language,Social Media
492,What the hell were they thinking??? #3690,Yes,Offensive Language,Offensive Language,Social Media
208,fvck th4t n0ise #2545,Yes,Offensive Language,Offensive Language,Social Media
709,This is helpful information #1116,No,None,None,Social Media
311,Th!s is $o st*pid omg #1046,Yes,Offensive Language,Offensive Language,Social Media
550,This is helpful information #8903,No,None,None,Social Media
607,I agree with your analysis #7463,No,None,None,Social Media
118,gtfo with that weak argument lol #3867,Yes,Offensive Language,Offensive Language,Social Media
515,This discussion is quite interesting #9145,No,None,None,Social Media
939,This is helpful information #600,No,None,None,Social Media
329,Get the f*** out of here with that nonsense #4370,Yes,Offensive Language,Offensive Language,Social Media
405,F@ck this I'm done #5042,Yes,Offensive Language,Offensive Language,Social Media
295,r u f***ing kidding me rn??? #9961,Yes,Offensive Language,Offensive Language,Social Media
210,He's being a total a**hole rn #6023,Yes,Offensive Language,Offensive Language,Social Media
123,This is such a damn mess smh #4916,Yes,Offensive Language,Offensive Language,Social Media
219,sh1t just got real tbh #5853,Yes,Offensive Language,Offensive Language,Social Media
183,sh1t just got real tbh #3699,Yes,Offensive Language,Offensive Language,Social Media
635,I think this makes sense #9519,No,None,None,Social Media
686,This is helpful information #8200,No,None,None,Social Media
969,I appreciate your perspective on this topic #1172,No,None,None,Social Media
809,We should consider multiple viewpoints #4505,No,None,None,Social Media
921,This is a thoughtful point #2462,No,None,None,Social Media
493,idc what anyone says this is bs #9743,Yes,Offensive Language,Offensive Language,Social Media
539,I appreciate your perspective on this topic #3300,No,None,None,Social Media
300,Get the f*** out of here with that nonsense #7450,Yes,Offensive Language,Offensive Language,Social Media
905,This is helpful information #9078,No,None,None,Social Media
266,This is such a damn mess smh #9466,Yes,Offensive Language,Offensive Language,Social Media
357,bruh wtf... this is some a$$ content #8085,Yes,Offensive Language,Offensive Language,Social Media
236,r u f***ing kidding me rn??? #1979,Yes,Offensive Language,Offensive Language,Social Media
577,This discussion is quite interesting #8381,No,None,None,Social Media
847,This discussion is quite interesting #2809,No,None,None,Social Media
869,This is helpful information #2062,No,None,None,Social Media
248,This is complete bs and everyone knows it #3872,Yes,Offensive Language,Offensive Language,Social Media
711,This discussion is quite interesting #2420,No,None,None,Social Media
927,I agree with your analysis #2820,No,None,None,Social Media
622,I agree with your analysis #8061,No,None,None,Social Media
913,We should consider multiple viewpoints #6303,No,None,None,Social Media
602,Let's keep the conversation respectful #479,No,None,None,Social Media
294,stfu nobody asked for your opinion #5829,Yes,Offensive Language,Offensive Language,Social Media
395,B!tch please... not happening #6957,Yes,Offensive Language,Offensive Language,Social Media
549,I appreciate your perspective on this topic #4960,No,None,None,Social Media
333,idc what anyone says this is bs #4398,Yes,Offensive Language,Offensive Language,Social Media
844,We should consider multiple viewpoints #1285,No,None,None,Social Media
451,d4mn son thats cr4zy #6724,Yes,Offensive Language,Offensive Language,Social Media
35,idc what anyone says this is bs #9358,Yes,Offensive Language,Offensive Language,Social Media
895,This is a thoughtful point #6227,No,None,None,Social Media
354,B!tch please... not happening #2684,Yes,Offensive Language,Offensive Language,Social Media
263,What the h3ll is going on here?? #8984,Yes,Offensive Language,Offensive Language,Social Media
620,Thanks for sharing your thoughts #7313,No,None,None,Social Media
984,This is a thoughtful point #779,No,None,None,Social Media
665,I appreciate your perspective on this topic #2250,No,None,None,Social Media
755,Thanks for sharing your thoughts #533,No,None,None,Social Media
808,This is a well written comment #3760,No,None,None,Social Media
91,He's being a total a**hole rn #5057,Yes,Offensive Language,Offensive Language,Social Media
594,Let's keep the conversation respectful #5500,No,None,None,Social Media
965,This is a thoughtful point #59,No,None,None,Social Media
21,F@ck this I'm done #193,Yes,Offensive Language,Offensive Language,Social Media
656,This is a thoughtful point #4715,No,None,None,Social Media
27,This is complete bs and everyone knows it #5821,Yes,Offensive Language,Offensive Language,Social Media
113,b1tch pls ur wr0ng #8093,Yes,Offensive Language,Offensive Language,Social Media
128,r u f***ing kidding me rn??? #8194,Yes,Offensive Language,Offensive Language,Social Media
877,This discussion is quite interesting #5141,No,None,None,Social Media
46,He's being a total a**hole rn #3122,Yes,Offensive Language,Offensive Language,Social Media
812,We should consider multiple viewpoints #4171,No,None,None,Social Media
964,This is helpful information #3545,No,None,None,Social Media
135,stfu nobody asked for your opinion #1051,Yes,Offensive Language,Offensive Language,Social Media
725,This is a well written comment #1496,No,None,None,Social Media
502,I appreciate your perspective on this topic #162,No,None,None,Social Media
10,omg this is such bullsh*t wtf 😡 #6691,Yes,Offensive Language,Offensive Language,Social Media
117,wtf is wrong with you lmao #6390,Yes,Offensive Language,Offensive Language,Social Media
954,This is a thoughtful point #2275,No,None,None,Social Media
769,This is a well written comment #9442,No,None,None,Social Media
872,Let's keep the conversation respectful #7752,No,None,None,Social Media
127,What the hell were they thinking??? #9421,Yes,Offensive Language,Offensive Language,Social Media
576,I agree with your analysis #6438,No,None,None,Social Media
77,This is f*cking ridiculous tbh #6485,Yes,Offensive Language,Offensive Language,Social Media
878,We should consider multiple viewpoints #5997,No,None,None,Social Media
519,Let's keep the conversation respectful #1479,No,None,None,Social Media
764,We should consider multiple viewpoints #2530,No,None,None,Social Media
934,Thanks for sharing your thoughts #5342,No,None,None,Social Media
65,What the h3ll is going on here?? #252,Yes,Offensive Language,Offensive Language,Social Media
233,This is f*cking ridiculous tbh #6311,Yes,Offensive Language,Offensive Language,Social Media
575,We should consider multiple viewpoints #2375,No,None,None,Social Media
376,This is f*cking ridiculous tbh #1785,Yes,Offensive Language,Offensive Language,Social Media
2,This is complete bs and everyone knows it #9211,Yes,Offensive Language,Offensive Language,Social Media
177,r u f***ing kidding me rn??? #3768,Yes,Offensive Language,Offensive Language,Social Media
24,ngl this is pretty damn stupid imo #1820,Yes,Offensive Language,Offensive Language,Social Media
652,This is a thoughtful point #1440,No,None,None,Social Media
876,This discussion is quite interesting #4882,No,None,None,Social Media
508,This is helpful information #5767,No,None,None,Social Media
40,What the hell were they thinking??? #690,Yes,Offensive Language,Offensive Language,Social Media
57,You're full of sh*t dude #196,Yes,Offensive Language,Offensive Language,Social Media
525,I think this makes sense #9150,No,None,None,Social Media
124,F@ck this I'm done #5685,Yes,Offensive Language,Offensive Language,Social Media
402,What the h3ll is going on here?? #3554,Yes,Offensive Language,Offensive Language,Social Media
545,I think this makes sense #9278,No,None,None,Social Media
537,I think this makes sense #6396,No,None,None,Social Media
767,Thanks for sharing your thoughts #7188,No,None,None,Social Media
705,This is a thoughtful point #860,No,None,None,Social Media
201,wtf is wrong with you lmao #2357,Yes,Offensive Language,Offensive Language,Social Media
552,This is a thoughtful point #205,No,None,None,Social Media
456,th1s 1s s0 dum8 #6435,Yes,Offensive Language,Offensive Language,Social Media
531,This is a thoughtful point #4675,No,None,None,Social Media
668,I think this makes sense #2966,No,None,None,Social Media
227,This is f*cking ridiculous tbh #34,Yes,Offensive Language,Offensive Language,Social Media
818,I think this makes sense #3624,No,None,None,Social Media
312,Th!s is $o st*pid omg #2537,Yes,Offensive Language,Offensive Language,Social Media
164,stfu nobody asked for your opinion #1916,Yes,Offensive Language,Offensive Language,Social Media
521,This is a well written comment #6324,No,None,None,Social Media
609,I appreciate your perspective on this topic #1992,No,None,None,Social Media
960,We should consider multiple viewpoints #7964,No,None,None,Social Media
369,Th!s is $o st*pid omg #5789,Yes,Offensive Language,Offensive Language,Social Media
31,This is f*cking ridiculous tbh #9157,Yes,Offensive Language,Offensive Language,Social Media
115,That's some bull$hit right there #4774,Yes,Offensive Language,Offensive Language,Social Media
486,F@ck this I'm done #2937,Yes,Offensive Language,Offensive Language,Social Media
337,This is complete bs and everyone knows it #7825,Yes,Offensive Language,Offensive Language,Social Media
461,What a b*tch move honestly #8822,Yes,Offensive Language,Offensive Language,Social Media
561,I agree with your analysis #7633,No,None,None,Social Media
687,I agree with your analysis #2546,No,None,None,Social Media
879,Thanks for sharing your thoughts #2375,No,None,None,Social Media
379,r u f***ing kidding me rn??? #4712,Yes,Offensive Language,Offensive Language,Social Media
555,We should consider multiple viewpoints #2319,No,None,None,Social Media
672,I think this makes sense #1395,No,None,None,Social Media
165,gtfo with that weak argument lol #6712,Yes,Offensive Language,Offensive Language,Social Media
881,I agree with your analysis #6759,No,None,None,Social Media
391,This is f*cking ridiculous tbh #1037,Yes,Offensive Language,Offensive Language,Social Media
999,I think this makes sense #3213,No,None,None,Social Media
644,This is helpful information #691,No,None,None,Social Media
68,This sh!t is crazy af #5347,Yes,Offensive Language,Offensive Language,Social Media
465,F@ck this I'm done #9360,Yes,Offensive Language,Offensive Language,Social Media
253,ngl this is pretty damn stupid imo #320,Yes,Offensive Language,Offensive Language,Social Media
825,This is a well written comment #2933,No,None,None,Social Media
611,This is a well written comment #6071,No,None,None,Social Media
684,This is a well written comment #3479,No,None,None,Social Media
483,Th!s is $o st*pid omg #1051,Yes,Offensive Language,Offensive Language,Social Media
99,Stop being such a d*ck about it #3149,Yes,Offensive Language,Offensive Language,Social Media
888,This discussion is quite interesting #3563,No,None,None,Social Media
217,This sh!t is crazy af #2498,Yes,Offensive Language,Offensive Language,Social Media
213,r u f***ing kidding me rn??? #1421,Yes,Offensive Language,Offensive Language,Social Media
641,Thanks for sharing your thoughts #9283,No,None,None,Social Media
15,th1s 1s s0 dum8 #1972,Yes,Offensive Language,Offensive Language,Social Media
252,b1tch pls ur wr0ng #6234,Yes,Offensive Language,Offensive Language,Social Media
618,We should consider multiple viewpoints #8271,No,None,None,Social Media
873,This is a well written comment #275,No,None,None,Social Media
446,sh1t just got real tbh #9455,Yes,Offensive Language,Offensive Language,Social Media
98,omg this is such bullsh*t wtf 😡 #9742,Yes,Offensive Language,Offensive Language,Social Media
985,I appreciate your perspective on this topic #1291,No,None,None,Social Media
749,This is a well written comment #6365,No,None,None,Social Media
126,stfu nobody asked for your opinion #6136,Yes,Offensive Language,Offensive Language,Social Media
605,We should consider multiple viewpoints #2267,No,None,None,Social Media
706,We should consider multiple viewpoints #8508,No,None,None,Social Media
458,gtfo with that weak argument lol #5725,Yes,Offensive Language,Offensive Language,Social Media
154,r u f***ing kidding me rn??? #6602,Yes,Offensive Language,Offensive Language,Social Media
185,d4mn son thats cr4zy #2097,Yes,Offensive Language,Offensive Language,Social Media
347,Stop being such a d*ck about it #7891,Yes,Offensive Language,Offensive Language,Social Media
174,Get the f*** out of here with that nonsense #4188,Yes,Offensive Language,Offensive Language,Social Media
885,This is helpful information #809,No,None,None,Social Media
453,This is such a damn mess smh #1996,Yes,Offensive Language,Offensive Language,Social Media
48,lmao what kind of sh!tty take is that #4253,Yes,Offensive Language,Offensive Language,Social Media
714,This discussion is quite interesting #2299,No,None,None,Social Media
804,I appreciate your perspective on this topic #6200,No,None,None,Social Media
301,d4mn son thats cr4zy #8660,Yes,Offensive Language,Offensive Language,Social Media
380,sh1t just got real tbh #2351,Yes,Offensive Language,Offensive Language,Social Media
802,This is a well written comment #1403,No,None,None,Social Media
296,Th!s is $o st*pid omg #9414,Yes,Offensive Language,Offensive Language,Social Media
435,Stop being such a d*ck about it #5820,Yes,Offensive Language,Offensive Language,Social Media
517,This discussion is quite interesting #3561,No,None,None,Social Media
990,This is helpful information #1022,No,None,None,Social Media
358,That's some bull$hit right there #1143,Yes,Offensive Language,Offensive Language,Social Media
416,F@ck this I'm done #1872,Yes,Offensive Language,Offensive Language,Social Media
814,I agree with your analysis #1986,No,None,None,Social Media
933,Thanks for sharing your thoughts #7158,No,None,None,Social Media
153,bruh wtf... this is some a$$ content #8954,Yes,Offensive Language,Offensive Language,Social Media
891,I think this makes sense #3885,No,None,None,Social Media
403,This sh!t is crazy af #8708,Yes,Offensive Language,Offensive Language,Social Media
938,This is a thoughtful point #1496,No,None,None,Social Media
930,We should consider multiple viewpoints #813,No,None,None,Social Media
1000,We should consider multiple viewpoints #2146,No,None,None,Social Media
691,Let's keep the conversation respectful #2092,No,None,None,Social Media
131,omg this is such bullsh*t wtf 😡 #1801,Yes,Offensive Language,Offensive Language,Social Media
368,ngl this is pretty damn stupid imo #4490,Yes,Offensive Language,Offensive Language,Social Media
700,Thanks for sharing your thoughts #9437,No,None,None,Social Media
205,F@ck this I'm done #7443,Yes,Offensive Language,Offensive Language,Social Media
583,We should consider multiple viewpoints #8424,No,None,None,Social Media
45,th1s 1s s0 dum8 #7822,Yes,Offensive Language,Offensive Language,Social Media
617,We should consider multiple viewpoints #668,No,None,None,Social Media
495,You're full of sh*t dude #2566,Yes,Offensive Language,Offensive Language,Social Media
410,wtf is wrong with you lmao #5082,Yes,Offensive Language,Offensive Language,Social Media
906,This is a well written comment #1037,No,None,None,Social Media
624,We should consider multiple viewpoints #1858,No,None,None,Social Media
90,gtfo with that weak argument lol #1421,Yes,Offensive Language,Offensive Language,Social Media
184,fvck th4t n0ise #4247,Yes,Offensive Language,Offensive Language,Social Media
191,He's being a total a**hole rn #5645,Yes,Offensive Language,Offensive Language,Social Media
388,r u f***ing kidding me rn??? #8296,Yes,Offensive Language,Offensive Language,Social Media
231,F@ck this I'm done #4930,Yes,Offensive Language,Offensive Language,Social Media
66,lmao what kind of sh!tty take is that #9075,Yes,Offensive Language,Offensive Language,Social Media
331,B!tch please... not happening #7808,Yes,Offensive Language,Offensive Language,Social Media
621,I think this makes sense #1322,No,None,None,Social Media
247,wtf is wrong with you lmao #783,Yes,Offensive Language,Offensive Language,Social Media
427,bruh wtf... this is some a$$ content #2286,Yes,Offensive Language,Offensive Language,Social Media
470,B!tch please... not happening #7039,Yes,Offensive Language,Offensive Language,Social Media
110,What the hell were they thinking??? #9300,Yes,Offensive Language,Offensive Language,Social Media
37,This is such a damn mess smh #429,Yes,Offensive Language,Offensive Language,Social Media
423,b1tch pls ur wr0ng #644,Yes,Offensive Language,Offensive Language,Social Media
52,omg this is such bullsh*t wtf 😡 #2515,Yes,Offensive Language,Offensive Language,Social Media
730,Thanks for sharing your thoughts #378,No,None,None,Social Media
718,Let's keep the conversation respectful #8724,No,None,None,Social Media
202,That's some bull$hit right there #5664,Yes,Offensive Language,Offensive Language,Social Media
491,gtfo with that weak argument lol #2928,Yes,Offensive Language,Offensive Language,Social Media
569,This is a well written comment #8019,No,None,None,Social Media
890,I agree with your analysis #9656,No,None,None,Social Media
857,This is a well written comment #9927,No,None,None,Social Media
977,Let's keep the conversation respectful #6502,No,None,None,Social Media
524,This is a well written comment #1888,No,None,None,Social Media
559,I think this makes sense #7659,No,None,None,Social Media
200,Stop being such a d*ck about it #6368,Yes,Offensive Language,Offensive Language,Social Media
457,This is f*cking ridiculous tbh #2610,Yes,Offensive Language,Offensive Language,Social Media
280,r u f***ing kidding me rn??? #7342,Yes,Offensive Language,Offensive Language,Social Media
587,I think this makes sense #6301,No,None,None,Social Media
794,I think this makes sense #902,No,None,None,Social Media
229,fvck th4t n0ise #9348,Yes,Offensive Language,Offensive Language,Social Media
887,This is helpful information #4295,No,None,None,Social Media
509,We should consider multiple viewpoints #7416,No,None,None,Social Media
806,Let's keep the conversation respectful #8810,No,None,None,Social Media
306,What the h3ll is going on here?? #9508,Yes,Offensive Language,Offensive Language,Social Media
222,fvck th4t n0ise #7994,Yes,Offensive Language,Offensive Language,Social Media
102,This is f*cking ridiculous tbh #9913,Yes,Offensive Language,Offensive Language,Social Media
795,I think this makes sense #5642,No,None,None,Social Media
244,What the hell were they thinking??? #68,Yes,Offensive Language,Offensive Language,Social Media
593,This is a thoughtful point #2058,No,None,None,Social Media
287,F@ck this I'm done #7338,Yes,Offensive Language,Offensive Language,Social Media
832,I agree with your analysis #2845,No,None,None,Social Media
856,Let's keep the conversation respectful #2561,No,None,None,Social Media
20,He's being a total a**hole rn #2713,Yes,Offensive Language,Offensive Language,Social Media
169,gtfo with that weak argument lol #7692,Yes,Offensive Language,Offensive Language,Social Media
41,This is f*cking ridiculous tbh #8966,Yes,Offensive Language,Offensive Language,Social Media
798,We should consider multiple viewpoints #6671,No,None,None,Social Media
367,This is complete bs and everyone knows it #3331,Yes,Offensive Language,Offensive Language,Social Media
751,This discussion is quite interesting #1912,No,None,None,Social Media
898,This is a thoughtful point #8762,No,None,None,Social Media
997,Let's keep the conversation respectful #4451,No,None,None,Social Media
149,omg this is such bullsh*t wtf 😡 #1940,Yes,Offensive Language,Offensive Language,Social Media
397,gtfo with that weak argument lol #1363,Yes,Offensive Language,Offensive Language,Social Media
288,smh people are so fn stupid these days #8669,Yes,Offensive Language,Offensive Language,Social Media
361,smh people are so fn stupid these days #3008,Yes,Offensive Language,Offensive Language,Social Media
478,d4mn son thats cr4zy #7229,Yes,Offensive Language,Offensive Language,Social Media
824,Thanks for sharing your thoughts #8901,No,None,None,Social Media
4,sh1t just got real tbh #2097,Yes,Offensive Language,Offensive Language,Social Media
626,Let's keep the conversation respectful #8295,No,None,None,Social Media
748,This is a thoughtful point #3570,No,None,None,Social Media
228,th1s 1s s0 dum8 #4762,Yes,Offensive Language,Offensive Language,Social Media
780,We should consider multiple viewpoints #2060,No,None,None,Social Media
920,I agree with your analysis #6397,No,None,None,Social Media
638,I think this makes sense #8483,No,None,None,Social Media
950,This discussion is quite interesting #4913,No,None,None,Social Media
663,Thanks for sharing your thoughts #6608,No,None,None,Social Media
917,This is a thoughtful point #8261,No,None,None,Social Media
214,He's being a total a**hole rn #5711,Yes,Offensive Language,Offensive Language,Social Media
592,I agree with your analysis #5959,No,None,None,Social Media
653,Let's keep the conversation respectful #8877,No,None,None,Social Media
858,We should consider multiple viewpoints #5683,No,None,None,Social Media
53,gtfo with that weak argument lol #1823,Yes,Offensive Language,Offensive Language,Social Media
995,This discussion is quite interesting #4670,No,None,None,Social Media
547,This is helpful information #7480,No,None,None,Social Media
623,I agree with your analysis #9480,No,None,None,Social Media
662,I appreciate your perspective on this topic #749,No,None,None,Social Media
81,Get the f*** out of here with that nonsense #8054,Yes,Offensive Language,Offensive Language,Social Media
627,This discussion is quite interesting #1025,No,None,None,Social Media
958,This discussion is quite interesting #9998,No,None,None,Social Media
292,b1tch pls ur wr0ng #4379,Yes,Offensive Language,Offensive Language,Social Media
698,This is helpful information #6467,No,None,None,Social Media
274,th1s 1s s0 dum8 #8457,Yes,Offensive Language,Offensive Language,Social Media
932,This discussion is quite interesting #5093,No,None,None,Social Media
105,b1tch pls ur wr0ng #6552,Yes,Offensive Language,Offensive Language,Social Media
14,b1tch pls ur wr0ng #4269,Yes,Offensive Language,Offensive Language,Social Media
400,gtfo with that weak argument lol #5593,Yes,Offensive Language,Offensive Language,Social Media
44,sh1t just got real tbh #1717,Yes,Offensive Language,Offensive Language,Social Media
821,I agree with your analysis #2601,No,None,None,Social Media
987,We should consider multiple viewpoints #6364,No,None,None,Social Media
922,I think this makes sense #9904,No,None,None,Social Media
178,This is such a damn mess smh #8760,Yes,Offensive Language,Offensive Language,Social Media
310,stfu nobody asked for your opinion #8791,Yes,Offensive Language,Offensive Language,Social Media
396,He's being a total a**hole rn #989,Yes,Offensive Language,Offensive Language,Social Media
947,I think this makes sense #1254,No,None,None,Social Media
242,What a b*tch move honestly #8855,Yes,Offensive Language,Offensive Language,Social Media
243,F@ck this I'm done #874,Yes,Offensive Language,Offensive Language,Social Media
803,This discussion is quite interesting #9061,No,None,None,Social Media
512,Let's keep the conversation respectful #4018,No,None,None,Social Media
74,Get the f*** out of here with that nonsense #2890,Yes,Offensive Language,Offensive Language,Social Media
741,This discussion is quite interesting #6969,No,None,None,Social Media
348,This is f*cking ridiculous tbh #2951,Yes,Offensive Language,Offensive Language,Social Media
494,gtfo with that weak argument lol #5682,Yes,Offensive Language,Offensive Language,Social Media
246,What the h3ll is going on here?? #418,Yes,Offensive Language,Offensive Language,Social Media
28,That's some bull$hit right there #8078,Yes,Offensive Language,Offensive Language,Social Media
961,Let's keep the conversation respectful #8363,No,None,None,Social Media
892,Thanks for sharing your thoughts #8003,No,None,None,Social Media
916,This is helpful information #7423,No,None,None,Social Media
996,This is helpful information #7590,No,None,None,Social Media
862,I appreciate your perspective on this topic #3880,No,None,None,Social Media
29,What a b*tch move honestly #5381,Yes,Offensive Language,Offensive Language,Social Media
571,This discussion is quite interesting #7705,No,None,None,Social Media
702,We should consider multiple viewpoints #1109,No,None,None,Social Media
472,What a b*tch move honestly #5879,Yes,Offensive Language,Offensive Language,Social Media
198,lmao what kind of sh!tty take is that #8235,Yes,Offensive Language,Offensive Language,Social Media
585,Thanks for sharing your thoughts #2739,No,None,None,Social Media
484,th1s 1s s0 dum8 #3001,Yes,Offensive Language,Offensive Language,Social Media
712,I think this makes sense #4849,No,None,None,Social Media
7,lmao what kind of sh!tty take is that #3581,Yes,Offensive Language,Offensive Language,Social Media
613,This is a thoughtful point #9403,No,None,None,Social Media
414,You're full of sh*t dude #7417,Yes,Offensive Language,Offensive Language,Social Media
742,Thanks for sharing your thoughts #9567,No,None,None,Social Media
80,That's some bull$hit right there #7790,Yes,Offensive Language,Offensive Language,Social Media
256,F@ck this I'm done #5567,Yes,Offensive Language,Offensive Language,Social Media
645,We should consider multiple viewpoints #6525,No,None,None,Social Media
562,I agree with your analysis #724,No,None,None,Social Media
277,fvck th4t n0ise #2352,Yes,Offensive Language,Offensive Language,Social Media
819,Thanks for sharing your thoughts #2723,No,None,None,Social Media
381,bruh wtf... this is some a$$ content #7312,Yes,Offensive Language,Offensive Language,Social Media
196,gtfo with that weak argument lol #9959,Yes,Offensive Language,Offensive Language,Social Media
92,What the hell were they thinking??? #8354,Yes,Offensive Language,Offensive Language,Social Media
267,What the hell were they thinking??? #59,Yes,Offensive Language,Offensive Language,Social Media
466,Stop being such a d*ck about it #3457,Yes,Offensive Language,Offensive Language,Social Media
119,What a b*tch move honestly #8784,Yes,Offensive Language,Offensive Language,Social Media
778,This is a well written comment #9180,No,None,None,Social Media
163,He's being a total a**hole rn #2911,Yes,Offensive Language,Offensive Language,Social Media
738,This is helpful information #735,No,None,None,Social Media
943,This is a well written comment #1725,No,None,None,Social Media
601,Thanks for sharing your thoughts #3763,No,None,None,Social Media
371,This is f*cking ridiculous tbh #6885,Yes,Offensive Language,Offensive Language,Social Media
485,gtfo with that weak argument lol #6375,Yes,Offensive Language,Offensive Language,Social Media
889,Thanks for sharing your thoughts #6979,No,None,None,Social Media
419,ngl this is pretty damn stupid imo #1436,Yes,Offensive Language,Offensive Language,Social Media
707,I agree with your analysis #1044,No,None,None,Social Media
511,Let's keep the conversation respectful #7965,No,None,None,Social Media
101,You're full of sh*t dude #7087,Yes,Offensive Language,Offensive Language,Social Media
720,Thanks for sharing your thoughts #9702,No,None,None,Social Media
373,gtfo with that weak argument lol #5961,Yes,Offensive Language,Offensive Language,Social Media
384,d4mn son thats cr4zy #5996,Yes,Offensive Language,Offensive Language,Social Media
221,This sh!t is crazy af #6337,Yes,Offensive Language,Offensive Language,Social Media
408,That's some bull$hit right there #8222,Yes,Offensive Language,Offensive Language,Social Media
343,He's being a total a**hole rn #2829,Yes,Offensive Language,Offensive Language,Social Media
5,idc what anyone says this is bs #577,Yes,Offensive Language,Offensive Language,Social Media
923,Thanks for sharing your thoughts #957,No,None,None,Social Media
992,This discussion is quite interesting #1628,No,None,None,Social Media
542,This is a thoughtful point #999,No,None,None,Social Media
893,I think this makes sense #6677,No,None,None,Social Media
860,I agree with your analysis #6378,No,None,None,Social Media
968,I appreciate your perspective on this topic #2447,No,None,None,Social Media
756,I agree with your analysis #4693,No,None,None,Social Media
199,This is f*cking ridiculous tbh #4690,Yes,Offensive Language,Offensive Language,Social Media
830,We should consider multiple viewpoints #1197,No,None,None,Social Media
566,I think this makes sense #3572,No,None,None,Social Media
604,I appreciate your perspective on this topic #3034,No,None,None,Social Media
768,This is a well written comment #1577,No,None,None,Social Media
753,This is a well written comment #6302,No,None,None,Social Media
835,This discussion is quite interesting #4509,No,None,None,Social Media
394,You're full of sh*t dude #1936,Yes,Offensive Language,Offensive Language,Social Media
268,sh1t just got real tbh #7387,Yes,Offensive Language,Offensive Language,Social Media
590,Thanks for sharing your thoughts #8332,No,None,None,Social Media
459,Th!s is $o st*pid omg #8064,Yes,Offensive Language,Offensive Language,Social Media
761,This is a thoughtful point #860,No,None,None,Social Media
909,Thanks for sharing your thoughts #1087,No,None,None,Social Media
293,What the hell were they thinking??? #5665,Yes,Offensive Language,Offensive Language,Social Media
122,F@ck this I'm done #1096,Yes,Offensive Language,Offensive Language,Social Media
801,I think this makes sense #8300,No,None,None,Social Media
777,I agree with your analysis #8920,No,None,None,Social Media
664,We should consider multiple viewpoints #5269,No,None,None,Social Media
647,Thanks for sharing your thoughts #6869,No,None,None,Social Media
941,We should consider multiple viewpoints #3574,No,None,None,Social Media
556,We should consider multiple viewpoints #568,No,None,None,Social Media
489,This is f*cking ridiculous tbh #5665,Yes,Offensive Language,Offensive Language,Social Media
866,Let's keep the conversation respectful #8339,No,None,None,Social Media
692,This is helpful information #1370,No,None,None,Social Media
32,wtf is wrong with you lmao #9069,Yes,Offensive Language,Offensive Language,Social Media
95,You're full of sh*t dude #4463,Yes,Offensive Language,Offensive Language,Social Media
436,fvck th4t n0ise #7589,Yes,Offensive Language,Offensive Language,Social Media
619,I appreciate your perspective on this topic #5128,No,None,None,Social Media
327,ngl this is pretty damn stupid imo #5497,Yes,Offensive Language,Offensive Language,Social Media
771,We should consider multiple viewpoints #5794,No,None,None,Social Media
650,Thanks for sharing your thoughts #6414,No,None,None,Social Media
84,b1tch pls ur wr0ng #5098,Yes,Offensive Language,Offensive Language,Social Media
800,We should consider multiple viewpoints #7037,No,None,None,Social Media
316,fvck th4t n0ise #5712,Yes,Offensive Language,Offensive Language,Social Media
71,What the h3ll is going on here?? #9069,Yes,Offensive Language,Offensive Language,Social Media
481,gtfo with that weak argument lol #4982,Yes,Offensive Language,Offensive Language,Social Media
359,This is such a damn mess smh #4968,Yes,Offensive Language,Offensive Language,Social Media
853,Thanks for sharing your thoughts #7832,No,None,None,Social Media
180,bruh wtf... this is some a$$ content #9940,Yes,Offensive Language,Offensive Language,Social Media
318,What a b*tch move honestly #9738,Yes,Offensive Language,Offensive Language,Social Media
522,I think this makes sense #7066,No,None,None,Social Media
843,This is a thoughtful point #4811,No,None,None,Social Media
341,th1s 1s s0 dum8 #7133,Yes,Offensive Language,Offensive Language,Social Media
579,This is a thoughtful point #3285,No,None,None,Social Media
156,idc what anyone says this is bs #1131,Yes,Offensive Language,Offensive Language,Social Media
534,This discussion is quite interesting #4085,No,None,None,Social Media
796,Thanks for sharing your thoughts #8596,No,None,None,Social Media
269,This is complete bs and everyone knows it #2621,Yes,Offensive Language,Offensive Language,Social Media
535,This is a well written comment #9676,No,None,None,Social Media
454,stfu nobody asked for your opinion #924,Yes,Offensive Language,Offensive Language,Social Media
275,r u f***ing kidding me rn??? #8713,Yes,Offensive Language,Offensive Language,Social Media
963,We should consider multiple viewpoints #8511,No,None,None,Social Media
701,This is a well written comment #6207,No,None,None,Social Media
264,gtfo with that weak argument lol #7781,Yes,Offensive Language,Offensive Language,Social Media
209,Get the f*** out of here with that nonsense #7616,Yes,Offensive Language,Offensive Language,Social Media
507,This discussion is quite interesting #2455,No,None,None,Social Media
993,I agree with your analysis #4060,No,None,None,Social Media
956,I agree with your analysis #2514,No,None,None,Social Media
557,This is a thoughtful point #4362,No,None,None,Social Media
874,We should consider multiple viewpoints #8573,No,None,None,Social Media
782,This is helpful information #4825,No,None,None,Social Media
336,sh1t just got real tbh #6940,Yes,Offensive Language,Offensive Language,Social Media
448,You're full of sh*t dude #9313,Yes,Offensive Language,Offensive Language,Social Media
86,Th!s is $o st*pid omg #7998,Yes,Offensive Language,Offensive Language,Social Media
717,Let's keep the conversation respectful #8692,No,None,None,Social Media
12,This is such a damn mess smh #8824,Yes,Offensive Language,Offensive Language,Social Media
55,That's some bull$hit right there #6993,Yes,Offensive Language,Offensive Language,Social Media
442,B!tch please... not happening #3852,Yes,Offensive Language,Offensive Language,Social Media
261,Get the f*** out of here with that nonsense #6220,Yes,Offensive Language,Offensive Language,Social Media
674,We should consider multiple viewpoints #6825,No,None,None,Social Media
441,lmao what kind of sh!tty take is that #715,Yes,Offensive Language,Offensive Language,Social Media
729,Thanks for sharing your thoughts #2402,No,None,None,Social Media
237,fvck th4t n0ise #8599,Yes,Offensive Language,Offensive Language,Social Media
142,fvck th4t n0ise #9287,Yes,Offensive Language,Offensive Language,Social Media
689,We should consider multiple viewpoints #308,No,None,None,Social Media
215,B!tch please... not happening #2559,Yes,Offensive Language,Offensive Language,Social Media
543,Let's keep the conversation respectful #87,No,None,None,Social Media
989,Thanks for sharing your thoughts #259,No,None,None,Social Media
715,Thanks for sharing your thoughts #152,No,None,None,Social Media
935,Let's keep the conversation respectful #8840,No,None,None,Social Media
136,What the hell were they thinking??? #9078,Yes,Offensive Language,Offensive Language,Social Media
425,smh people are so fn stupid these days #7184,Yes,Offensive Language,Offensive Language,Social Media
582,Let's keep the conversation respectful #1643,No,None,None,Social Media
298,lmao what kind of sh!tty take is that #9328,Yes,Offensive Language,Offensive Language,Social Media
111,He's being a total a**hole rn #7499,Yes,Offensive Language,Offensive Language,Social Media
998,We should consider multiple viewpoints #8080,No,None,None,Social Media
17,lmao what kind of sh!tty take is that #7713,Yes,Offensive Language,Offensive Language,Social Media
39,Get the f*** out of here with that nonsense #2486,Yes,Offensive Language,Offensive Language,Social Media
230,What the hell were they thinking??? #170,Yes,Offensive Language,Offensive Language,Social Media
349,th1s 1s s0 dum8 #2205,Yes,Offensive Language,Offensive Language,Social Media
238,b1tch pls ur wr0ng #1237,Yes,Offensive Language,Offensive Language,Social Media
30,That's some bull$hit right there #3442,Yes,Offensive Language,Offensive Language,Social Media
245,You're full of sh*t dude #3575,Yes,Offensive Language,Offensive Language,Social Media
690,I think this makes sense #8087,No,None,None,Social Media
223,ngl this is pretty damn stupid imo #2208,Yes,Offensive Language,Offensive Language,Social Media
955,I think this makes sense #2313,No,None,None,Social Media
141,Stop being such a d*ck about it #996,Yes,Offensive Language,Offensive Language,Social Media
608,Let's keep the conversation respectful #8676,No,None,None,Social Media
548,We should consider multiple viewpoints #2661,No,None,None,Social Media
325,Stop being such a d*ck about it #2474,Yes,Offensive Language,Offensive Language,Social Media
462,fvck th4t n0ise #3494,Yes,Offensive Language,Offensive Language,Social Media
574,I agree with your analysis #2909,No,None,None,Social Media
500,d4mn son thats cr4zy #1600,Yes,Offensive Language,Offensive Language,Social Media
811,This is a thoughtful point #8893,No,None,None,Social Media
659,I appreciate your perspective on this topic #6681,No,None,None,Social Media
504,I think this makes sense #5007,No,None,None,Social Media
657,This is helpful information #5778,No,None,None,Social Media
440,bruh wtf... this is some a$$ content #1970,Yes,Offensive Language,Offensive Language,Social Media
109,This is such a damn mess smh #1154,Yes,Offensive Language,Offensive Language,Social Media
790,This is a well written comment #4979,No,None,None,Social Media
632,I think this makes sense #9942,No,None,None,Social Media
859,This is a well written comment #5161,No,None,None,Social Media
781,Thanks for sharing your thoughts #2457,No,None,None,Social Media
271,This is complete bs and everyone knows it #401,Yes,Offensive Language,Offensive Language,Social Media
476,This is complete bs and everyone knows it #762,Yes,Offensive Language,Offensive Language,Social Media
332,This is f*cking ridiculous tbh #3391,Yes,Offensive Language,Offensive Language,Social Media
951,Let's keep the conversation respectful #2224,No,None,None,Social Media
289,This sh!t is crazy af #4101,Yes,Offensive Language,Offensive Language,Social Media
597,This is a thoughtful point #4178,No,None,None,Social Media
421,He's being a total a**hole rn #740,Yes,Offensive Language,Offensive Language,Social Media
69,B!tch please... not happening #3469,Yes,Offensive Language,Offensive Language,Social Media
784,This is helpful information #2622,No,None,None,Social Media
743,This is a thoughtful point #2318,No,None,None,Social Media
744,I appreciate your perspective on this topic #4739,No,None,None,Social Media
603,This discussion is quite interesting #2007,No,None,None,Social Media
407,This sh!t is crazy af #9211,Yes,Offensive Language,Offensive Language,Social Media
842,Thanks for sharing your thoughts #5919,No,None,None,Social Media
257,stfu nobody asked for your opinion #3555,Yes,Offensive Language,Offensive Language,Social Media
651,I think this makes sense #125,No,None,None,Social Media
23,That's some bull$hit right there #4832,Yes,Offensive Language,Offensive Language,Social Media
320,What the hell were they thinking??? #1252,Yes,Offensive Language,Offensive Language,Social Media
639,This discussion is quite interesting #3206,No,None,None,Social Media
399,omg this is such bullsh*t wtf 😡 #3288,Yes,Offensive Language,Offensive Language,Social Media
160,F@ck this I'm done #8878,Yes,Offensive Language,Offensive Language,Social Media
324,ngl this is pretty damn stupid imo #3445,Yes,Offensive Language,Offensive Language,Social Media
303,What the hell were they thinking??? #5893,Yes,Offensive Language,Offensive Language,Social Media
276,This is f*cking ridiculous tbh #4373,Yes,Offensive Language,Offensive Language,Social Media
25,th1s 1s s0 dum8 #4511,Yes,Offensive Language,Offensive Language,Social Media
595,Let's keep the conversation respectful #1664,No,None,None,Social Media
158,B!tch please... not happening #5322,Yes,Offensive Language,Offensive Language,Social Media
786,I appreciate your perspective on this topic #7692,No,None,None,Social Media
820,I think this makes sense #2312,No,None,None,Social Media
655,This is helpful information #5971,No,None,None,Social Media
788,I appreciate your perspective on this topic #4186,No,None,None,Social Media
211,stfu nobody asked for your opinion #2454,Yes,Offensive Language,Offensive Language,Social Media
628,Let's keep the conversation respectful #9098,No,None,None,Social Media
64,th1s 1s s0 dum8 #8663,Yes,Offensive Language,Offensive Language,Social Media
96,This is complete bs and everyone knows it #4822,Yes,Offensive Language,Offensive Language,Social Media
420,Get the f*** out of here with that nonsense #4674,Yes,Offensive Language,Offensive Language,Social Media
791,We should consider multiple viewpoints #8093,No,None,None,Social Media
240,Get the f*** out of here with that nonsense #3173,Yes,Offensive Language,Offensive Language,Social Media
334,What the hell were they thinking??? #4418,Yes,Offensive Language,Offensive Language,Social Media
328,wtf is wrong with you lmao #9594,Yes,Offensive Language,Offensive Language,Social Media
406,B!tch please... not happening #7123,Yes,Offensive Language,Offensive Language,Social Media
251,B!tch please... not happening #7909,Yes,Offensive Language,Offensive Language,Social Media
615,This is helpful information #3992,No,None,None,Social Media
578,This discussion is quite interesting #8535,No,None,None,Social Media
426,idc what anyone says this is bs #865,Yes,Offensive Language,Offensive Language,Social Media
901,This is a thoughtful point #1646,No,None,None,Social Media
49,This is f*cking ridiculous tbh #1757,Yes,Offensive Language,Offensive Language,Social Media
50,What the h3ll is going on here?? #4066,Yes,Offensive Language,Offensive Language,Social Media
155,ngl this is pretty damn stupid imo #4565,Yes,Offensive Language,Offensive Language,Social Media
140,This is such a damn mess smh #4088,Yes,Offensive Language,Offensive Language,Social Media
317,wtf is wrong with you lmao #2757,Yes,Offensive Language,Offensive Language,Social Media
362,This is f*cking ridiculous tbh #8197,Yes,Offensive Language,Offensive Language,Social Media
683,We should consider multiple viewpoints #8960,No,None,None,Social Media
861,I agree with your analysis #2867,No,None,None,Social Media
775,I think this makes sense #1207,No,None,None,Social Media
143,smh people are so fn stupid these days #6567,Yes,Offensive Language,Offensive Language,Social Media
670,I think this makes sense #3522,No,None,None,Social Media
179,What the hell were they thinking??? #8025,Yes,Offensive Language,Offensive Language,Social Media
216,B!tch please... not happening #7430,Yes,Offensive Language,Offensive Language,Social Media
815,I agree with your analysis #271,No,None,None,Social Media
120,wtf is wrong with you lmao #7981,Yes,Offensive Language,Offensive Language,Social Media
313,lmao what kind of sh!tty take is that #9063,Yes,Offensive Language,Offensive Language,Social Media
981,Thanks for sharing your thoughts #1747,No,None,None,Social Media
125,fvck th4t n0ise #7441,Yes,Offensive Language,Offensive Language,Social Media
606,This discussion is quite interesting #1674,No,None,None,Social Media
424,Stop being such a d*ck about it #8262,Yes,Offensive Language,Offensive Language,Social Media
581,I appreciate your perspective on this topic #3923,No,None,None,Social Media
281,idc what anyone says this is bs #3971,Yes,Offensive Language,Offensive Language,Social Media
344,gtfo with that weak argument lol #4511,Yes,Offensive Language,Offensive Language,Social Media
259,He's being a total a**hole rn #5237,Yes,Offensive Language,Offensive Language,Social Media
176,What the h3ll is going on here?? #2733,Yes,Offensive Language,Offensive Language,Social Media
370,stfu nobody asked for your opinion #6549,Yes,Offensive Language,Offensive Language,Social Media
553,I appreciate your perspective on this topic #3598,No,None,None,Social Media
648,Thanks for sharing your thoughts #6255,No,None,None,Social Media
133,Stop being such a d*ck about it #9822,Yes,Offensive Language,Offensive Language,Social Media
88,This is complete bs and everyone knows it #2637,Yes,Offensive Language,Offensive Language,Social Media
188,stfu nobody asked for your opinion #5921,Yes,Offensive Language,Offensive Language,Social Media
59,Th!s is $o st*pid omg #4828,Yes,Offensive Language,Offensive Language,Social Media
43,You're full of sh*t dude #7647,Yes,Offensive Language,Offensive Language,Social Media
975,We should consider multiple viewpoints #5149,No,None,None,Social Media
150,B!tch please... not happening #3866,Yes,Offensive Language,Offensive Language,Social Media
506,This is helpful information #6944,No,None,None,Social Media
774,This is a well written comment #8407,No,None,None,Social Media
356,smh people are so fn stupid these days #4910,Yes,Offensive Language,Offensive Language,Social Media
688,This discussion is quite interesting #5249,No,None,None,Social Media
431,This is such a damn mess smh #4585,Yes,Offensive Language,Offensive Language,Social Media
73,This sh!t is crazy af #1170,Yes,Offensive Language,Offensive Language,Social Media
195,You're full of sh*t dude #9273,Yes,Offensive Language,Offensive Language,Social Media
100,This is f*cking ridiculous tbh #4168,Yes,Offensive Language,Offensive Language,Social Media
971,Thanks for sharing your thoughts #2025,No,None,None,Social Media
596,This is helpful information #4298,No,None,None,Social Media
197,gtfo with that weak argument lol #9182,Yes,Offensive Language,Offensive Language,Social Media
360,He's being a total a**hole rn #2037,Yes,Offensive Language,Offensive Language,Social Media
249,Th!s is $o st*pid omg #551,Yes,Offensive Language,Offensive Language,Social Media
976,This is helpful information #8654,No,None,None,Social Media
991,This is a well written comment #1847,No,None,None,Social Media
675,This is a thoughtful point #1305,No,None,None,Social Media
272,This sh!t is crazy af #3361,Yes,Offensive Language,Offensive Language,Social Media
745,I think this makes sense #3376,No,None,None,Social Media
83,This is such a damn mess smh #1305,Yes,Offensive Language,Offensive Language,Social Media
544,I agree with your analysis #4398,No,None,None,Social Media
886,We should consider multiple viewpoints #156,No,None,None,Social Media
840,I agree with your analysis #82,No,None,None,Social Media
703,This is helpful information #3563,No,None,None,Social Media
986,I appreciate your perspective on this topic #3099,No,None,None,Social Media
894,Thanks for sharing your thoughts #7392,No,None,None,Social Media
598,I appreciate your perspective on this topic #1774,No,None,None,Social Media
42,gtfo with that weak argument lol #1830,Yes,Offensive Language,Offensive Language,Social Media
479,stfu nobody asked for your opinion #3448,Yes,Offensive Language,Offensive Language,Social Media
377,wtf is wrong with you lmao #4129,Yes,Offensive Language,Offensive Language,Social Media
957,This is helpful information #1016,No,None,None,Social Media
162,d4mn son thats cr4zy #1684,Yes,Offensive Language,Offensive Language,Social Media
206,What a b*tch move honestly #2651,Yes,Offensive Language,Offensive Language,Social Media
255,stfu nobody asked for your opinion #1674,Yes,Offensive Language,Offensive Language,Social Media
330,This is such a damn mess smh #5242,Yes,Offensive Language,Offensive Language,Social Media
980,I appreciate your perspective on this topic #8148,No,None,None,Social Media
527,This is a well written comment #3730,No,None,None,Social Media
758,I think this makes sense #2597,No,None,None,Social Media
654,This is helpful information #4697,No,None,None,Social Media
667,This is helpful information #4146,No,None,None,Social Media
728,I think this makes sense #897,No,None,None,Social Media
679,Let's keep the conversation respectful #793,No,None,None,Social Media
908,This discussion is quite interesting #1718,No,None,None,Social Media
746,I agree with your analysis #1403,No,None,None,Social Media
882,Let's keep the conversation respectful #1626,No,None,None,Social Media
865,This is helpful information #6730,No,None,None,Social Media
505,This discussion is quite interesting #6663,No,None,None,Social Media
16,gtfo with that weak argument lol #5711,Yes,Offensive Language,Offensive Language,Social Media
694,Thanks for sharing your thoughts #235,No,None,None,Social Media
401,Get the f*** out of here with that nonsense #2536,Yes,Offensive Language,Offensive Language,Social Media
732,Let's keep the conversation respectful #2516,No,None,None,Social Media
315,d4mn son thats cr4zy #5392,Yes,Offensive Language,Offensive Language,Social Media
382,This is such a damn mess smh #9234,Yes,Offensive Language,Offensive Language,Social Media
159,Get the f*** out of here with that nonsense #6230,Yes,Offensive Language,Offensive Language,Social Media
787,This is a thoughtful point #2538,No,None,None,Social Media
851,This is a thoughtful point #3473,No,None,None,Social Media
733,This discussion is quite interesting #7501,No,None,None,Social Media
642,This is helpful information #9683,No,None,None,Social Media
167,lmao what kind of sh!tty take is that #5503,Yes,Offensive Language,Offensive Language,Social Media
13,ngl this is pretty damn stupid imo #6411,Yes,Offensive Language,Offensive Language,Social Media
187,r u f***ing kidding me rn??? #606,Yes,Offensive Language,Offensive Language,Social Media
270,sh1t just got real tbh #1952,Yes,Offensive Language,Offensive Language,Social Media
625,This is helpful information #8498,No,None,None,Social Media
11,Stop being such a d*ck about it #4134,Yes,Offensive Language,Offensive Language,Social Media
85,bruh wtf... this is some a$$ content #9239,Yes,Offensive Language,Offensive Language,Social Media
503,This is a well written comment #4476,No,None,None,Social Media
600,Thanks for sharing your thoughts #9180,No,None,None,Social Media
875,I think this makes sense #8957,No,None,None,Social Media
82,This is f*cking ridiculous tbh #9268,Yes,Offensive Language,Offensive Language,Social Media
389,bruh wtf... this is some a$$ content #9862,Yes,Offensive Language,Offensive Language,Social Media
129,This is complete bs and everyone knows it #4128,Yes,Offensive Language,Offensive Language,Social Media
533,This is helpful information #2588,No,None,None,Social Media
309,stfu nobody asked for your opinion #3355,Yes,Offensive Language,Offensive Language,Social Media
588,This discussion is quite interesting #7812,No,None,None,Social Media
19,This is such a damn mess smh #494,Yes,Offensive Language,Offensive Language,Social Media
915,I think this makes sense #4480,No,None,None,Social Media
640,I think this makes sense #7117,No,None,None,Social Media
564,I appreciate your perspective on this topic #4308,No,None,None,Social Media
112,F@ck this I'm done #1848,Yes,Offensive Language,Offensive Language,Social Media
580,I appreciate your perspective on this topic #2713,No,None,None,Social Media
9,What the h3ll is going on here?? #7468,Yes,Offensive Language,Offensive Language,Social Media
170,th1s 1s s0 dum8 #2549,Yes,Offensive Language,Offensive Language,Social Media
285,ngl this is pretty damn stupid imo #7367,Yes,Offensive Language,Offensive Language,Social Media
940,I think this makes sense #6430,No,None,None,Social Media
220,B!tch please... not happening #3387,Yes,Offensive Language,Offensive Language,Social Media
677,I appreciate your perspective on this topic #8536,No,None,None,Social Media
235,What the hell were they thinking??? #8250,Yes,Offensive Language,Offensive Language,Social Media
291,This is complete bs and everyone knows it #8049,Yes,Offensive Language,Offensive Language,Social Media
737,Let's keep the conversation respectful #7244,No,None,None,Social Media
695,This is a well written comment #2804,No,None,None,Social Media
